column_name,description,raw_output
Id,A unique identifier for each property in the dataset.,Id: A unique identifier for each property in the dataset.
MSSubClass,"A numerical code representing the class of the property, indicating its type or design.","MSSubClass: A numerical code representing the class of the property, indicating its type or design."
MSZoning,"A categorical variable denoting the zoning classification of the property, such as 'RL' for residential.","MSZoning: A categorical variable denoting the zoning classification of the property, such as 'RL' for residential."
LotFrontage,"The linear measurement of the property’s front lot, expressed in feet.","LotFrontage: The linear measurement of the property’s front lot, expressed in feet."
LotArea,"The total area of the lot in square feet, revealing property size.","LotArea: The total area of the lot in square feet, revealing property size."
Street,"Indicates the surface type of the street, with 'Pave' suggesting paved roads.","Street: Indicates the surface type of the street, with 'Pave' suggesting paved roads."
Alley,"Describes the presence and surface of any back alleys, with example values showing 'Pave'.","Alley: Describes the presence and surface of any back alleys, with example values showing 'Pave'."
LotShape,"A classification of the shape of the lot, such as 'Reg' for regular or 'IR1' for irregular shapes.","LotShape: A classification of the shape of the lot, such as 'Reg' for regular or 'IR1' for irregular shapes."
LandContour,"Represents the topography of the land, with 'Lvl' indicating a level lot.","LandContour: Represents the topography of the land, with 'Lvl' indicating a level lot."
Utilities,"Indicates the type of utilities available to the property, with 'AllPub' meaning all public utilities are present.","Utilities: Indicates the type of utilities available to the property, with 'AllPub' meaning all public utilities are present."
LotConfig,"A categorical variable depicting how the lot is configured, such as 'Inside' for interior lots or 'Corner' for corner lots.","LotConfig: A categorical variable depicting how the lot is configured, such as 'Inside' for interior lots or 'Corner' for corner lots."
LandSlope,"A descriptor of the property's slope, with 'Gtl' indicating a gentle slope.","LandSlope: A descriptor of the property's slope, with 'Gtl' indicating a gentle slope."
Neighborhood,"This column indicates the neighborhood classification of a property, with example values like 'CollgCr' and 'Crawfor' representing specific areas.","Neighborhood: This column indicates the neighborhood classification of a property, with example values like 'CollgCr' and 'Crawfor' representing specific areas."
Condition1,"This column captures the general condition of the property at the time of sale, with common values such as 'Norm' indicating normal conditions.","Condition1: This column captures the general condition of the property at the time of sale, with common values such as 'Norm' indicating normal conditions."
Condition2,"Similar to Condition1, this column provides an additional aspect of property condition, with 'Norm' being a prevalent value.","Condition2: Similar to Condition1, this column provides an additional aspect of property condition, with 'Norm' being a prevalent value."
BldgType,"This column specifies the type of building, primarily showing '1Fam' for single-family homes in the examples.","BldgType: This column specifies the type of building, primarily showing '1Fam' for single-family homes in the examples."
HouseStyle,"This column describes the architectural style of the house, with examples such as '2Story' indicating a two-story structure.","HouseStyle: This column describes the architectural style of the house, with examples such as '2Story' indicating a two-story structure."
OverallQual,"This column represents the overall quality rating of the house on a scale, with numerical values like '7' and '8' indicating higher quality.","OverallQual: This column represents the overall quality rating of the house on a scale, with numerical values like '7' and '8' indicating higher quality."
OverallCond,"This column denotes the overall condition of the property on a numerical scale, with example values such as '5' and '8' reflecting different levels of condition.","OverallCond: This column denotes the overall condition of the property on a numerical scale, with example values such as '5' and '8' reflecting different levels of condition."
YearBuilt,"This column indicates the year the house was constructed, with values ranging from '1915' to '2003' in the examples.","YearBuilt: This column indicates the year the house was constructed, with values ranging from '1915' to '2003' in the examples."
YearRemodAdd,"This column shows the year of the last remodel or addition, which may affect property value, with values like '2003' indicating recent updates.","YearRemodAdd: This column shows the year of the last remodel or addition, which may affect property value, with values like '2003' indicating recent updates."
RoofStyle,"This column captures the style of the roof, with all example values being 'Gable', suggesting a common roofing style in the dataset.","RoofStyle: This column captures the style of the roof, with all example values being 'Gable', suggesting a common roofing style in the dataset."
RoofMatl,"This column describes the material of the roof, with 'CompShg' as the consistent example, indicating composition shingles.","RoofMatl: This column describes the material of the roof, with 'CompShg' as the consistent example, indicating composition shingles."
Exterior1st,"This column details the primary exterior material of the house, with values such as 'VinylSd' and 'MetalSd' indicating various siding materials used.","Exterior1st: This column details the primary exterior material of the house, with values such as 'VinylSd' and 'MetalSd' indicating various siding materials used."
Exterior2nd,"This column defines the material used for exterior second-siding of the house, with examples like 'VinylSd' and 'MetalSd'.","Exterior2nd: This column defines the material used for exterior second-siding of the house, with examples like 'VinylSd' and 'MetalSd'."
MasVnrType,"This column specifies the type of masonry veneer applied to the house, with values such as 'BrkFace' and 'Stone' indicating different styles.","MasVnrType: This column specifies the type of masonry veneer applied to the house, with values such as 'BrkFace' and 'Stone' indicating different styles."
MasVnrArea,"This column represents the area in square feet of the masonry veneer, with example values like '196.0' and '350.0' indicative of the total veneer coverage.","MasVnrArea: This column represents the area in square feet of the masonry veneer, with example values like '196.0' and '350.0' indicative of the total veneer coverage."
ExterQual,"This column rates the quality of the exterior material, with categorical values such as 'Gd' (Good) and 'TA' (Typical/Average) indicating varying standards.","ExterQual: This column rates the quality of the exterior material, with categorical values such as 'Gd' (Good) and 'TA' (Typical/Average) indicating varying standards."
ExterCond,"This column assesses the condition of the exterior materials, predominantly classified as 'TA' (Typical/Average) based on example values.","ExterCond: This column assesses the condition of the exterior materials, predominantly classified as 'TA' (Typical/Average) based on example values."
Foundation,"This column denotes the type of foundation the house is built upon, with example types like 'PConc' (Poured Concrete) and 'CBlock' (Concrete Block).","Foundation: This column denotes the type of foundation the house is built upon, with example types like 'PConc' (Poured Concrete) and 'CBlock' (Concrete Block)."
BsmtQual,"This column rates the quality of the basement, with values like 'Gd' (Good) indicating high-quality finishes in the basement area.","BsmtQual: This column rates the quality of the basement, with values like 'Gd' (Good) indicating high-quality finishes in the basement area."
BsmtCond,"This column indicates the overall condition of the basement, primarily showing values like 'TA' (Typical/Average) across the examples.","BsmtCond: This column indicates the overall condition of the basement, primarily showing values like 'TA' (Typical/Average) across the examples."
BsmtExposure,"This column describes the exposure level of the basement, using values like 'No', 'Gd', or 'Mn' to indicate degrees of daylight exposure.","BsmtExposure: This column describes the exposure level of the basement, using values like 'No', 'Gd', or 'Mn' to indicate degrees of daylight exposure."
BsmtFinType1,"This column categorizes the type of finished area in the basement, with values such as 'GLQ' indicating good living quality.","BsmtFinType1: This column categorizes the type of finished area in the basement, with values such as 'GLQ' indicating good living quality."
BsmtFinSF1,"This column records the square footage of the first type of finished basement space, with example measurements like '706.0' square feet.","BsmtFinSF1: This column records the square footage of the first type of finished basement space, with example measurements like '706.0' square feet."
BsmtFinType2,"This column indicates a second type of finished area in the basement, primarily noted as 'Unf' (Unfinished) in the examples.","BsmtFinType2: This column indicates a second type of finished area in the basement, primarily noted as 'Unf' (Unfinished) in the examples."
BsmtFinSF2,"This column represents the square footage of finished area in the basement that was completed and is habitable, with examples indicating no finished area in these cases.","BsmtFinSF2: This column represents the square footage of finished area in the basement that was completed and is habitable, with examples indicating no finished area in these cases."
BsmtUnfSF,"This column indicates the total square footage of the unfinished basement area, with values showing varying sizes, such as '150.0' to '540.0'.","BsmtUnfSF: This column indicates the total square footage of the unfinished basement area, with values showing varying sizes, such as '150.0' to '540.0'."
TotalBsmtSF,"This column represents the total square footage of the basement, combining both finished and unfinished areas, as suggested by examples ranging from '756.0' to '1262.0'.","TotalBsmtSF: This column represents the total square footage of the basement, combining both finished and unfinished areas, as suggested by examples ranging from '756.0' to '1262.0'."
Heating,"This column describes the type of heating system used in the house, with 'GasA' indicating a specific type of gas heating across all examples.","Heating: This column describes the type of heating system used in the house, with 'GasA' indicating a specific type of gas heating across all examples."
HeatingQC,"This column conveys the quality of the heating system, with example values indicating a range of quality from 'Gd' for good to 'Ex' for excellent.","HeatingQC: This column conveys the quality of the heating system, with example values indicating a range of quality from 'Gd' for good to 'Ex' for excellent."
CentralAir,"This binary column indicates the presence of central air conditioning in the property, with examples consistently showing 'Y' for yes.","CentralAir: This binary column indicates the presence of central air conditioning in the property, with examples consistently showing 'Y' for yes."
Electrical,"This column details the type of electrical system in the home, with 'SBrkr' indicating a standard breaker system in the examples provided.","Electrical: This column details the type of electrical system in the home, with 'SBrkr' indicating a standard breaker system in the examples provided."
1stFlrSF,"This represents the square footage of the first floor of the home, with values such as '856' and '1262' indicating varying sizes.","1stFlrSF: This represents the square footage of the first floor of the home, with values such as '856' and '1262' indicating varying sizes."
2ndFlrSF,"This column shows the square footage of the second floor of the house, with some example values like '854' and '0' indicating the presence or absence of a second floor.","2ndFlrSF: This column shows the square footage of the second floor of the house, with some example values like '854' and '0' indicating the presence or absence of a second floor."
LowQualFinSF,"This column records the square footage of low-quality finished materials, with example values consistently showing '0' implying no low-quality finishes.","LowQualFinSF: This column records the square footage of low-quality finished materials, with example values consistently showing '0' implying no low-quality finishes."
GrLivArea,"This column indicates the above-ground living area square footage of the house, represented by values ranging from '1262' to '2198'.","GrLivArea: This column indicates the above-ground living area square footage of the house, represented by values ranging from '1262' to '2198'."
BsmtFullBath,"This column represents the number of full bathrooms in the basement, with examples like '1.0' suggesting variations in the number of full baths across different properties.","BsmtFullBath: This column represents the number of full bathrooms in the basement, with examples like '1.0' suggesting variations in the number of full baths across different properties."
BsmtHalfBath,"This column indicates the number of half bathrooms located in the basement, with example values such as '0.0' or '1.0'.","BsmtHalfBath: This column indicates the number of half bathrooms located in the basement, with example values such as '0.0' or '1.0'."
FullBath,"This column represents the total number of full bathrooms in the house, as illustrated by example values like '1' and '2'.","FullBath: This column represents the total number of full bathrooms in the house, as illustrated by example values like '1' and '2'."
HalfBath,"This column captures the count of half bathrooms in the house, with values demonstrating counts such as '0' and '1'.","HalfBath: This column captures the count of half bathrooms in the house, with values demonstrating counts such as '0' and '1'."
BedroomAbvGr,"This column denotes the number of bedrooms above ground, with consistent example values like '3' and '4'.","BedroomAbvGr: This column denotes the number of bedrooms above ground, with consistent example values like '3' and '4'."
KitchenAbvGr,"This column indicates the number of kitchens above ground, consistently showing '1' in the examples.","KitchenAbvGr: This column indicates the number of kitchens above ground, consistently showing '1' in the examples."
KitchenQual,"This column evaluates the quality of the kitchen, using categorical ratings like 'Gd' for good and 'TA' for typical.","KitchenQual: This column evaluates the quality of the kitchen, using categorical ratings like 'Gd' for good and 'TA' for typical."
TotRmsAbvGrd,"This column sums the total number of rooms above ground level, with examples ranging from '6' to '9'.","TotRmsAbvGrd: This column sums the total number of rooms above ground level, with examples ranging from '6' to '9'."
Functional,"This column classifies the overall functionality of the house, consistently categorized as 'Typ' (typical) in the examples.","Functional: This column classifies the overall functionality of the house, consistently categorized as 'Typ' (typical) in the examples."
Fireplaces,"This column records the number of fireplaces present in the home, as seen in example counts from '0' to '1'.","Fireplaces: This column records the number of fireplaces present in the home, as seen in example counts from '0' to '1'."
FireplaceQu,"This column assesses the quality of the fireplace when one is present, rated with values like 'Gd' for good and 'TA' for typical.","FireplaceQu: This column assesses the quality of the fireplace when one is present, rated with values like 'Gd' for good and 'TA' for typical."
GarageType,"This column describes the type of garage attached or detached to the house, with examples including 'Attchd' (attached) and 'Detchd' (detached).","GarageType: This column describes the type of garage attached or detached to the house, with examples including 'Attchd' (attached) and 'Detchd' (detached)."
GarageYrBlt,"This column indicates the year the garage was built, with example values reflecting various years such as '2003.0' and '1976.0'.","GarageYrBlt: This column indicates the year the garage was built, with example values reflecting various years such as '2003.0' and '1976.0'."
GarageFinish,"Indicates the finish quality of the garage, with values like 'RFn' representing a refined finish and 'Unf' indicating unfinished.","GarageFinish: Indicates the finish quality of the garage, with values like 'RFn' representing a refined finish and 'Unf' indicating unfinished."
GarageCars,"Indicates the number of cars that can fit in the garage, often represented as a decimal, such as '2.0' or '3.0'.","GarageCars: Indicates the number of cars that can fit in the garage, often represented as a decimal, such as '2.0' or '3.0'."
GarageArea,"Represents the total area of the garage in square feet, with example values ranging from '460.0' to '836.0'.","GarageArea: Represents the total area of the garage in square feet, with example values ranging from '460.0' to '836.0'."
GarageQual,Describes the quality of the garage with a categorical rating like 'TA' for typical.,GarageQual: Describes the quality of the garage with a categorical rating like 'TA' for typical.
GarageCond,"Reflects the condition of the garage similarly to GarageQual, showing a consistent value of 'TA'.","GarageCond: Reflects the condition of the garage similarly to GarageQual, showing a consistent value of 'TA'."
PavedDrive,"Indicates if the driveway is paved, represented by 'Y' for yes, suggesting all examples are paved.","PavedDrive: Indicates if the driveway is paved, represented by 'Y' for yes, suggesting all examples are paved."
WoodDeckSF,"Represents the area of the wood deck in square feet, with values showing a range from '0' to '298'.","WoodDeckSF: Represents the area of the wood deck in square feet, with values showing a range from '0' to '298'."
OpenPorchSF,"Indicates the square footage of the open porch area, with example values including '61' and '84'.","OpenPorchSF: Indicates the square footage of the open porch area, with example values including '61' and '84'."
EnclosedPorch,"Reflects the area of the enclosed porch in square feet, with values such as '272' indicating some properties have this feature.","EnclosedPorch: Reflects the area of the enclosed porch in square feet, with values such as '272' indicating some properties have this feature."
3SsnPorch,"Represents the area of the three-season porch, with repetitive values of '0' indicating it is absent in the sample.","3SsnPorch: Represents the area of the three-season porch, with repetitive values of '0' indicating it is absent in the sample."
ScreenPorch,"Identifies the square footage of any screened porch, with consistent values of '0', showing none present in the sample.","ScreenPorch: Identifies the square footage of any screened porch, with consistent values of '0', showing none present in the sample."
PoolArea,"Indicates the area of any pool in square feet, with sample values of '0' showing that there are no pools in these properties.","PoolArea: Indicates the area of any pool in square feet, with sample values of '0' showing that there are no pools in these properties."
PoolQC,"This column indicates the quality of the pool, with 'Ex' representing excellent quality.","PoolQC: This column indicates the quality of the pool, with 'Ex' representing excellent quality."
Fence,"This column categorizes the type of fence on the property, with values such as 'GdWo' (good wood) and 'MnPrv' (minimum privacy).","Fence: This column categorizes the type of fence on the property, with values such as 'GdWo' (good wood) and 'MnPrv' (minimum privacy)."
MiscFeature,"This column describes miscellaneous features of the property, such as 'Shed', indicating additional structures present.","MiscFeature: This column describes miscellaneous features of the property, such as 'Shed', indicating additional structures present."
MiscVal,"This column represents the monetary value associated with miscellaneous features, consistently showing '0' indicating no additional value assigned.","MiscVal: This column represents the monetary value associated with miscellaneous features, consistently showing '0' indicating no additional value assigned."
MoSold,"This column denotes the month of sale, with values ranging from '1' to '12', representing January to December.","MoSold: This column denotes the month of sale, with values ranging from '1' to '12', representing January to December."
YrSold,"This column captures the year the property was sold, with values like '2008' and '2007' indicating the years of sale.","YrSold: This column captures the year the property was sold, with values like '2008' and '2007' indicating the years of sale."
SaleType,"This column classifies the type of sale, with 'WD' indicating a warranty deed sale, and it is consistent across the examples.","SaleType: This column classifies the type of sale, with 'WD' indicating a warranty deed sale, and it is consistent across the examples."
SaleCondition,"This column reflects the condition of the sale, with 'Normal' indicating a normal sale process and variations like 'Abnorml' for abnormal conditions.","SaleCondition: This column reflects the condition of the sale, with 'Normal' indicating a normal sale process and variations like 'Abnorml' for abnormal conditions."
SalePrice,"This column indicates the selling price of the property, with values such as '208500.0' representing the final sale amount.","SalePrice: This column indicates the selling price of the property, with values such as '208500.0' representing the final sale amount."
[TOTAL_TOKENS],7187,
[TIME_ELAPSED_SECONDS],39.49,
